English,Chinese
i,我
my,我的
out,出去
now,现在
okay,好的
were,是
take,拿
our,我们的
more,更多的
way,方式
sorry,对不起
sure,当然
first,第一的
wait,等待
new,新的
things,事物
fine,美好的
may,可能
understand,理解
trying,试
yourself,你自己
most,最多
head,头
idea,主意
myself,我
case,案件
gave,给了
minutes,分钟
afraid,害怕的
quite,相当
gets,得到
break,休息
high,高的
boys,男孩们
stupid,愚蠢的
full,满的
become,变得
hot,热的
alright,好吧
ha,哈
red,红色的
murder,谋杀
words,字
dance,舞蹈
till,直到
rather,相当
given,给定
wonderful,精彩的
worried,担心
report,报告
missing,丢失的
dark,黑暗的
system,系统
christmas,圣诞节
expect,预计
near,靠近
army,军队
sun,太阳
test,测试
charge,收费
fell,跌倒了
stick,戳
mum,妈妈
realize,意识到
obviously,明显地
cute,可爱的
continue,继续
shop,店铺
james,詹姆士
tree,树
gift,礼物
kitchen,厨房
london,伦敦
allow,允许
duty,责任
twice,两次
pregnant,孕
adam,亚当
hole,洞
ringing,铃声
interest,兴趣
nature,自然
shooting,射击
asleep,睡着了
large,大的
responsible,负责任的
commander,指挥官
dick,迪克
correct,正确的
language,语言
gotten,得到
chris,克里斯
screams,尖叫声
paying,支付
charles,查尔斯
records,记录
numbers,数字
jeff,杰夫
h,H
birds,鸟类
ugly,丑陋的
bullet,子弹
eric,埃里克
indistinct,模糊
friday,星期五
unit,单元
alarm,警报
slept,睡了
pig,猪
finger,手指
weather,天气
harm,伤害
safety,安全
returned,回
block,堵塞
showing,显示
gate,门
eggs,蛋
andy,安迪
owner,所有者
dating,约会
goodness,善良
ruin,废墟
tour,旅游
thief,贼
bless,保佑
rachel,雷切尔
suck,吸
humans,人类
ashamed,羞愧
carefully,小心
role,角色
sexy,性感的
plate,盘子
bang,砰
babies,婴儿
hunt,打猎
appointment,预约
midnight,午夜
leo,狮子座
piano,钢琴
iron,铁
miracle,奇迹
guards,守卫
stronger,更强
deeply,深
desert,沙漠
bone,骨
former,以前的
claim,宣称
loving,爱着
cast,投掷
stranger,陌生人
blake,布莱克
beast,兽
files,文件
successful,成功的
chattering,喋喋不休
exact,精确的
destiny,命运
reports,报告
knees,膝盖
chances,机会
helps,帮助
freeze,冻结
incident,事件
mexico,墨西哥
shoulder,肩膀
cameras,相机
puts,看跌期权
troops,军队
marty,马蒂
wishes,愿望
normally,通常情况下
wings,翅膀
flesh,肉
pushing,推动
ability,能力
naturally,自然
f,F
dozen,打
dirt,污垢
sally,莎莉
massive,大量的
jean,吉恩
accused,被告
damned,该死的
closet,壁橱
g,G
i,我
thursday,周四
germans,德国人
believes,相信
nuclear,核
wallet,钱包
anytime,任何时候
league,联盟
conditions,状况
plastic,塑料
entrance,入口
legend,传奇
bat,蝙蝠
sauce,酱
attend,出席
tyler,泰勒
bond,纽带
distant,遥远
wore,穿着
charged,带电
response,回复
everyday,每天
vampire,吸血鬼
sophie,苏菲
recording,记录
davis,戴维斯
beep,嘟
timing,定时
replace,代替
hail,冰雹
bishop,主教
ouch,哎哟
nearby,附近
pipe,管道
gray,灰色的
heroes,英雄
jess,杰西
chairman,主席
punk,朋克
merely,仅仅
reveal,揭示
instructions,指示
intelligent,聪明的
claims,索赔
wailing,哀号
listened,听过
slap,拍击
beneath,下面
liz,丽兹
technically,技术上
profile,轮廓
respond,回应
dates,日期
olivia,奥利维亚
threatening,威胁
studies,学习
protected,受保护的
walker,沃克
drill,钻头
supplies,补给品
dancer,舞蹈家
remote,偏僻的
daughters,女儿们
album,专辑
widow,寡妇
invisible,无形的
core,核
resistance,反抗
twins,双胞胎
tap,轻敲
beard,胡须
diana,戴安娜
solved,解决了
lemon,柠檬
crane,起重机
covering,覆盖
feeding,喂养
checks,检查
currently,现在
socks,袜子
basketball,篮球
musical,音乐
slide,滑动
motel,汽车旅馆
coughs,咳嗽
combat,战斗
catholic,天主教的
gloria,格洛丽亚
rocky,岩石
sack,解雇
logan,洛根
b.,b.
cuts,削减
advanced,先进的
contrary,相反
fu,福
focused,专注的
yells,喊叫
zoo,动物园
baron,男爵
sealed,密封
bacon,熏肉
chanting,念诵
packing,包装
bugs,虫子
ash,灰
nails,指甲
dana,布施
tire,胎
closely,密切
fairly,相当
sarge,中士
turtle,龟
identified,已确定
ellie,艾莉
drawer,抽屉
masters,大师
alike,一样
burger,汉堡包
shield,盾
gossip,八卦
economy,经济
et,等
taxes,税收
skinny,瘦骨嶙峋的
elsewhere,别处
samples,样品
arrow,箭
carpet,地毯
December,十二月
jules,儒勒
inches,英寸
misery,苦难
flame,火焰
emotion,情感
shitty,糟糕的
efforts,努力
peggy,佩吉
gibbs,吉布斯
mere,仅仅
dedicated,投入的
folk,民间
un,联合国
heels,高跟鞋
drum,鼓
wha,世界卫生大会
and-,和-
rumor,谣言
association,协会
curtis,柯蒂斯
cameron,卡梅伦
coal,煤炭
narrow,狭窄的
perspective,看法
somewhat,有些
compete,竞争
screwing,拧紧
execution,执行
rod,杆
brazil,巴西
alison,艾莉森
nicky,尼基
trucks,卡车
caleb,迦勒
brandy,白兰地
morris,莫里斯
performed,执行的
plug,插头
brenda,布伦达
products,产品
woody,木质的
naive,幼稚的
consent,同意
celebrity,名人
plague,瘟疫
originally,起初
beers,啤酒
recipe,食谱
secretly,偷偷
hockey,曲棍球
clues,线索
reporters,记者
katherine,凯瑟琳
seed,种子
ana,安娜
turtles,海龟
chuckle,轻笑
muslim,穆斯林
shrink,收缩
covers,盖子
elected,当选
shakespeare,莎士比亚
eager,渴望的
chen,陈
buddha,佛
survivor,幸存者
archer,射手
innocence,纯真
facebook,Facebook
customs,海关
regards,问候
stephanie,斯蒂芬妮
nicer,更好
villain,恶棍
logical,逻辑的
upbeat,乐观的
swamp,沼泽
vehicles,汽车
scares,恐慌
pursue,追求
fart,屁
crucial,至关重要的
fulfill,实现
danced,跳舞
3rd,第三名
hugo,雨果
denny,丹尼
locks,锁
elderman,长老
scenario,设想
hobby,爱好
tricked,被欺骗
miracles,奇迹
translation,翻译
murderers,杀人犯
dip,蘸
es,英语
howdy,你好
lifted,举起
dragging,拖拽
venus,金星
spying,间谍活动
reaches,达到
wax,蜡
invention,发明
melanie,梅兰妮
barks,吠叫
du,杜
jonas,乔纳斯
forcing,强迫
reese,里斯
randall,兰德尔
kane,凯恩
cope,应付
accountant,会计
higgins,希金斯
buster,巴斯特
rum,朗姆酒
wes,韦斯
cord,绳索
canal,运河
jose,何塞
shelf,架子
hangs,挂起
costumes,服装
peak,顶峰
controlling,控制
architect,建筑师
dose,剂量
stove,火炉
joshua,约书亚
nam,南
handful,少数
sweating,出汗
flowing,流动的
pine,松树
appointed,任命
lifestyle,生活方式
roosevelt,罗斯福
rushed,冲
approached,接近
mechanical,机械的
fare,票价
selected,已选择
scattered,疏散
volunteers,志愿者
zombies,僵尸
crackling,噼啪作响
mimi,咪咪
opinions,意见
pressed,按下
tray,托盘
y-you,你你
lure,饵
printed,打印
jupiter,木星
whack,重击
articles,文章
sensors,传感器
robe,长袍
exhibit,展示
compliments,赞美
urine,尿
catches,捕获物
dances,跳舞
listed,列出
burton,伯顿
krishna,克里希纳
associates,同事
followers,追随者
pawn,典当
leonardo,莱昂纳多
boil,熬
rapid,迅速的
janice,珍妮丝
thai,泰国
sushi,寿司
gardens,花园
brady,布雷迪
mock,嘲笑
clap,拍
med,医学
franco,佛朗哥
sadie,萨迪
barbie,芭比
dancers,舞者
humiliating,羞辱性的
sensei,老师
battlefield,战场
pissing,撒尿
fuse,保险丝
portal,门户网站
thorough,彻底
spock,斯波克
marion,马里恩
finals,决赛
wired,有线
acceptable,可以接受
vomit,呕吐
engineers,工程师
insulting,侮辱
managing,管理
striking,引人注目
neighbourhood,邻里
peanuts,花生
lone,孤独的
mining,矿业
committing,承诺
bomber,轰炸机
roberto,罗伯托
mentor,导师
noel,诺埃尔
starring,主演
vibe,氛围
separation,分离
pickup,捡起
hairs,头发
grenade,手榴弹
kilos,公斤
mustard,芥末
clive,克莱夫
magistrate,地方法官
figuring,计算
etc,ETC
agony,痛苦
graveyard,墓地
poirot,波洛
quantum,量子
julio,胡里奥
lent,四旬斋
hunted,被猎杀
isabelle,伊莎贝尔
maestro,大师
sage,智者
screamed,尖叫着
boost,促进
relieve,缓解
barb,倒钩
poppy,罂粟
clarke,克拉克
scully,斯卡利
flows,流量
decorated,装饰的
kitt,基特
missus,夫人
ping,平
iet,伊特
donny,唐尼
caves,洞穴
worldwide,全世界
judged,判断的
hustle,喧嚣
scooter,小型摩托车
yankee,洋基队
medic,军医
callie,卡莉
thrust,推力
civilized,文明的
turk,土耳其人
narcotics,毒品
foreigner,外国人
consultant,顾问
gibson,吉布森
blog,博客
glance,一眼
heritage,遗产
complained,抱怨
pumping,泵送
discretion,审慎
disappointing,令人失望的
wanda,万达
darryl,达里尔
lighten,减轻
grabbing,抢夺
academic,学术的
sa,萨
permitted,允许的
repairs,修理
essay,散文
guarding,守护
altitude,高度
grind,研磨
sentences,句子
zhang,张
leah,利亚
considerable,大量
argued,争论
paladin,圣骑士
tellin,泰兰
shipped,已发货
pennsylvania,宾夕法尼亚州
gigantic,巨大
mosque,清真寺
eldest,最年长的
factories,工厂
repeatedly,反复
mixing,混合
moss,苔藓
purchased,已购买
tripped,绊倒
demanded,要求的
cripple,削弱
stripped,剥离的
yuck,恶心
extract,提炼
idle,闲置的
ghetto,贫民窟
newest,最新
douche,冲洗
frankenstein,弗兰肯斯坦
fades,淡出
cuz,因为
renee,蕾妮
killings,杀戮
isolation,隔离
appearances,外表
snitch,告密者
simmons,西蒙斯
conquered,被征服
tailor,裁缝
homemade,自制
kite,风筝
weeping,哭泣
pins,针脚
targeted,有针对性的
paulie,保利
verge,边缘
dre,德雷
cass,卡斯
arise,出现
know.,知道。
garrison,驻军
celia,西莉亚
wrists,手腕
postpone,推迟
beau,花花公子
horace,贺拉斯
gladys,格拉迪斯
starfleet,星际舰队
forming,成型
virgil,维吉尔
disney,迪士尼
rewarded,得到奖励
preserved,保留
burglary,盗窃
frequently,频繁地
agencies,机构
buffet,自助餐
screws,螺丝
editing,编辑
drip,滴
membership,会员资格
weasel,黄鼠狼
monument,纪念碑
hazel,榛
incompetent,无能的
ex-boyfriend,前男友
voodoo,巫毒教
trim,修剪
intuition,直觉
manly,男子气概
klink,克林克
swat,扑打
references,参考
demo,演示
fingernails,指甲
liza,丽莎
spinal,脊
cheeky,厚脸皮
criticism,批评
occurs,发生
revelation,启示
alternate,备用
cologne,科隆
shades,色调
woe,祸患
tonic,补品
kathleen,凯瑟琳
initials,缩写
lara,拉拉
pleasures,乐趣
inclined,倾斜的
mourn,哀悼
penthouse,顶层公寓
gospel,福音
presumably,想必
believer,信徒
notch,缺口
melinda,梅琳达
harness,马具
governments,政府
conventional,传统的
shaggy,毛茸茸
panther,豹
omega,欧米茄
viking,维京人
pronounced,明显的
belonging,归属感
cynical,愤世嫉俗的
ankles,脚踝
colleen,科琳
raylan,雷兰
bronx,布朗克斯
papi,帕皮
cod,鳕鱼
seung,胜
zealand,新西兰
placing,放置
abdomen,腹部
soak,浸泡
sustain,维持
darius,大流士
sank,沉没
suicidal,有自杀倾向的
pry,撬
voicemail,语音信箱
clarify,阐明
attach,附
sliding,滑动
awareness,意识
competitors,竞争对手
fiery,火热
hmmm,嗯嗯
hara,原
funk,放克
ice-cream,冰淇淋
tao,道
bladder,膀胱
roommates,室友
sergio,塞尔吉奥
grinding,磨削
napkin,餐巾
suction,吸
lea,莱亚
youngsters,年轻人
cesar,塞萨尔
bulk,大部分
prosecute,起诉
proceedings,诉讼程序
kendall,肯德尔
chug,突突
withdrawn,取消
bubba,布巴
deliberate,商榷
colder,更冷
aiden,艾登
exaggerating,夸大
polls,民意调查
gabby,饶舌的
emerald,翠
flaming,炽盛
uneasy,不安
spears,矛
credits,学分
hurrah,欢呼
bungalow,平房
jody,乔迪
christie,克里斯蒂
levi,列维
inspect,检查
jinx,厄运
andré,安德烈
tempt,诱惑
euro,欧元
compensate,补偿
laps,圈数
applications,应用
parenting,养育子女
hilary,希拉里
logo,标识
cecilia,张柏芝
bi,双
rewrite,改写
cadillac,卡迪拉克
monitors,监视器
betraying,背叛
renting,出租
onstage,在舞台上
germs,病菌
my-,我的-
liberated,解放了
faded,褪色了
surroundings,周围环境
rivals,竞争对手
elisabeth,伊丽莎白
fortunes,财富
metropolis,都会
first-class,头等舱
stashed,藏起来的
hai,哈伊
salsa,萨尔萨舞
heater,加热器
smug,踌躇满志
descended,下降
margo,玛戈
redhead,红发女郎
aubrey,奥布里
celestial,天上的
toothpaste,牙膏
nipple,乳头
becker,贝克尔
sloane,斯隆
bentley,宾利
lurking,潜伏
barren,荒芜
defender,后卫
blush,脸红
amateurs,业余爱好者
motorbike,摩托车
snoop,窥探
nicola,尼古拉
forgave,原谅
graffiti,涂鸦
bounds,边界
rand,兰特
permits,许可
criticize,批评
continental,欧陆式
dixie,迪克西
protocols,协议
memorize,记住
welsh,威尔士语
lifts,电梯
mosquitoes,蚊子
unexpectedly,不料
amuse,逗乐
howie,豪伊
ziggy,之字形
gallant,英勇
ames,艾姆斯
morocco,摩洛哥
navigation,导航
margin,利润
afar,远方
hilton,希尔顿
whispered,低声说
abandoning,放弃
strokes,笔画
aria,咏叹调
corinne,科琳娜
batting,击球
chanel,香奈儿
refill,补充装
singles,单打
saucer,碟子
nada,纳达
uld,乌尔德
shillings,先令
viper,毒蛇
wonderfully,奇妙地
posting,发帖
no-,不-
abbot,住持
wildly,疯狂地
embedded,嵌入式
skates,冰鞋
earthquakes,地震
reaper,收割者
shuffle,随机播放
modesty,谦虚
crowley,克劳利
eyesight,眼力
xi,希
bulletproof,防弹
module,模块
suzy,苏西
stuffy,闷
giggle,傻笑
persian,波斯语
tesla,特斯拉
thorne,索恩
jiang,江
malley,马利
spouse,配偶
stale,陈旧
rating,评分
backseat,后座
demonic,恶魔般的
demise,灭亡
picard,皮卡德
microscope,显微镜
hardship,困难
fashionable,时髦
quits,退出
lineup,排队
errors,错误
weights,重量
icon,图标
sahib,先生
rung,梯级
stealth,隐身
poll,轮询
sneezes,打喷嚏
cockpit,座舱
pleading,恳求
magda,玛格达
prairie,草原
refrain,避免
ch,ch
intro,介绍
booming,蓬勃发展
aunts,阿姨们
unleash,发挥
ip,ip
casing,套管
chaplain,牧师
farce,闹剧
whipping,鞭打
updated,更新
my,我的
tribunal,法庭
treachery,背信弃义
vikings,维京人
lavender,薰衣草
lasers,激光
discussions,讨论
disobey,违
sinful,有罪的
i`m,我是
designing,设计
suspense,悬念
guiding,指导
binding,捆绑
nationals,国民
palestine,巴勒斯坦
pagan,异教徒
bygones,过去的事
adjusting,调整
petersburg,圣彼得堡
audiences,观众
colossal,庞大
thrash,鞭打
pilgrim,朝圣
squirrels,松鼠
xander,桑德尔
firemen,消防员
logged,已记录
cabaret,歌舞表演
simms,西姆斯
napkins,餐巾纸
blinking,眨眼
duo,二人组
elevators,电梯
ronny,罗尼
greer,格里尔
paralysis,麻痹
bowman,鲍曼
unusually,不寻常地
tamil,泰米尔语
cubes,立方体
ursula,乌苏拉
eiffel,埃菲尔铁塔
dyke,堤防
jacked,被顶住
monarch,君主
narrative,叙述
catcher,捕手
dignified,凝重
beginnings,开始
blacked,涂黑的
exhale,呼气
rinse,冲洗
stormy,暴风雨的
hussein,侯赛因
heinrich,海因里希
seeker,探索者
overthrow,推翻
raids,袭击
obsessive,痴迷的
humbly,谦虚地
crumble,崩溃
invading,入侵
zachary,扎卡里
respiratory,呼吸系统
elope,私奔
bologna,博洛尼亚
celeste,塞莱斯特
16-year-old,16岁
threads,线程
wronged,受委屈的
collectors,收藏家
marius,马吕斯
patio,露台
payday,发薪日
seaweed,海藻
gianni,贾尼
close-up,特写
mayhem,混乱
holed,有洞的
impulses,冲动
pollen,花粉
virtues,美德
ribbons,丝带
kabir,卡比尔
edgy,急躁的
barbarian,野蛮人
baptism,洗礼
afterward,之后
mound,冢
12-year-old,12岁
fearing,害怕
tolerated,容忍的
proportions,比例
pakistani,巴基斯坦
maxim,格言
empathy,共情
suburban,郊区的
catalog,目录
municipal,市级
adviser,顾问
feminist,女权主义者
proposals,提案
kisser,亲吻者
preference,偏爱
bookie,赌徒
painters,画家
knit,针织
rotate,旋转
io,io
sleepless,失眠的
sighting,目击
bartlett,巴特利特
mercenaries,雇佣兵
poses,姿势
replica,复制品
commodore,准将
shithole,屎洞
trolley,手推车
timid,胆小
masturbate,手淫
mojo,魔力
liters,升
tex,特克斯
phrases,短语
algeria,阿尔及利亚
imposed,强加的
implied,默示
idaho,爱达荷州
supervise,监督
residential,住宅
envelopes,信封
escorted,护送
accelerator,加速器
kale,羽衣甘蓝
self-destruct,自我毁灭
renewed,更新的
johann,约翰
grants,赠款
flawed,有缺陷的
maggots,蛆虫
prosecuted,被起诉
coulson,科尔森
implies,暗示
criteria,标准
freighter,货轮
bashed,殴打
solemnly,庄严地
invaluable,无价
orchestral,管弦乐
makeover,改头换面
nathaniel,纳撒尼尔
succession,演替
weirder,更奇怪的
hubble,哈勃
domination,统治
performers,表演者
and--and,和——和
plots,地块
slab,平板
philosophical,哲学的
riddles,谜语
specialized,专门
viewed,已查看
photographic,摄影的
recalled,回忆起
chunks,块
sheik,酋长
hattie,哈蒂
27th,27日
dvds,DVD
horrified,吓坏了
neighborhoods,街区
talisman,护符
takeover,接管
crossword,填字游戏
sciences,科学
lucie,露西
ballerina,芭蕾舞演员
raiders,袭击者
compose,撰写
exorcism,驱魔
optimus,擎天柱
swapped,交换了
terra,泰拉
turbulence,湍流
jericho,杰里科
khun,坤
bends,弯曲
graft,接枝
vendetta,仇杀
frightens,吓到
firefighter,消防队员
earnest,认真
wook,伍克
samir,萨米尔
chino,奇诺
pharmacist,药剂师
calculating,计算
assisting,协助
airports,机场
drool,流口水
dover,多佛
sentencing,量刑
burr,毛刺
crumbling,摇摇欲坠
atlas,阿特拉斯
dada,达达
ballad,民谣
cheerleading,啦啦队
wrongs,错误
aviation,航空
wigs,假发
soho,苏豪区
stewardess,空中小姐
energies,能量
ranking,排行
compromising,妥协
nighttime,夜间
namely,即
kelvin,开尔文
ridicule,嘲笑
jingles,顺口溜
trademark,商标
epi,外延层
flattery,奉承
schizophrenic,精神分裂症患者
dreary,凄凉
presses,压力机
plucked,拨弦
lagoon,泻湖
merciless,无情
anarchist,无政府主义者
clipped,被剪掉的
masha,玛莎
hurtful,伤人的
pegasus,飞马座
co-workers,合作伙伴
thorpe,索普
interstate,州际公路
slipper,拖鞋
señora,夫人
narrowed,缩小
dipped,浸入
lui,吕
rolf,罗尔夫
genevieve,吉纳维夫
constructive,建设性的
inexperienced,缺乏经验的
mast,桅杆
illustrious,杰出
socket,插座
twitch,抽搐
doreen,多琳
theaters,剧院
highlands,高地
schnapps,杜松子酒
renegade,叛徒
howe,豪
reinforced,强化的
bordeaux,波尔多
migration,移民
ah-ha,啊哈
tickling,挠痒痒的
hardened,硬化的
patched,打补丁的
delgado,德尔加多
hearings,听证会
sweeps,扫荡
claps,拍手
taboo,忌讳
weaponry,武器
rica,里卡
armory,军械库
patriotism,爱国主义
groin,腹股沟
tink,叮叮当当
wannabe,想要成为的人
uninvited,不请自来的
fscx100,FSCX100
quickest,最快的
reckoned,算了
israelis,以色列人
annika,安妮卡
exemplary,模范的
perfected,完善的
valeria,瓦莱里娅
okinawa,冲绳
dumber,笨蛋
tvs,电视
ado,废话
strife,冲突
xev,西夫
historically,历史地
cosmetic,化妆品
grooming,修饰
dalek,达莱克
nostalgic,怀旧的
bagels,贝果
demolished,被拆毁
rushes,灯心草
paired,配对的
scenarios,场景
nia,尼亚
deodorant,除臭剂
taelon,泰隆
filet,菲力牛排
enigma,谜
memento,纪念
sweatshirt,运动衫
shackles,镣铐
portions,部分
embark,登船
soaring,翱翔
tyrone,蒂龙
didn`t,没有
laddie,拉迪
seagull,海鸥
scottie,斯科蒂
hopelessly,无望地
legions,军团
hasan,哈桑
hairstyle,发型
spotless,一尘不染
aesthetic,审美的
directory,目录
lumpy,块状的
grammy,格莱美
yumi,由美
now,现在
errol,埃罗尔
travers,穿越者
taxpayers,纳税人
unconditional,无条件的
pimps,皮条客
gs,GS
dancin,丹辛
fester,溃烂
imposter,冒名顶替者
infernal,地狱
insanely,疯狂地
bane,祸根
handgun,手枪
universes,宇宙
rigor,严格
lucid,清醒的
tilly,蒂利
penises,阴茎
cordon,警戒线
arouse,引起
supervised,监督的
guatemala,危地马拉
beatings,殴打
gots,得了
celtic,凯尔特人
landslide,滑坡
marches,游行
lodging,住宿
y.,y。
turin,都灵
extending,延伸
dunes,沙丘
ethiopia,埃塞俄比亚
smacks,咂嘴
mayan,玛雅
exceed,超过
therese,特蕾莎
fives,五人组
patrice,帕特里斯
injunction,禁令
jest,笑话
pu,普
marino,马里诺
grazing,放牧
katia,卡蒂亚
vittorio,维托里奥
repercussions,反响
vasquez,巴斯克斯
fins,鳍
us-,我们-
intending,打算
seminary,神学院
condescending,居高临下的
termites,白蚁
gaines,盖恩斯
supergirl,超女
madagascar,马达加斯加
sidelines,场边
candies,糖果
defeating,击败
nuggets,掘金
coyotes,郊狼
brooding,沉思
mathematician,数学家
limestone,石灰石
weir,堰
populations,人口
two-way,双向
internally,内部
eskimo,爱斯基摩人
flashback,倒叙
reconnect,重新连接
sanctioned,制裁的
britta,布丽塔
hefty,沉重的
categories,类别
avocado,牛油果
auf,奥夫
flex,柔性
lisbeth,利斯贝斯
d.n.a.,脱氧核糖核酸。
insistent,坚持的
proteins,蛋白质
environments,环境
ufos,不明飞行物
a.d.,广告。
something-,某物-
assaults,袭击
bj,北京
histories,历史
yapping,叫嚷
masquerade,化装舞会
hangman,刽子手
whimsical,异想天开的
mccann,麦肯
minimize,最小化
nigh,临近
crawley,克劳利
collaborate,合作
hide-and-seek,捉迷藏
mimic,模仿
tranquilizer,镇定剂
hwan,焕
punjabi,旁遮普语
unavoidable,不可避免的
doña,多纳
demolish,拆除
peabody,皮博迪
roe,鱼子
milkman,送牛奶的人
mazel,马泽尔
wha-,世界卫生大会-
involuntary,不自觉的
rosetta,罗塞塔
oils,油类
coarse,粗
mala,马拉
could-,可以-
smacking,拍打
epiphany,顿悟
coca-cola,可口可乐
festivals,节日
pug,哈巴狗
peking,北京
unattractive,没有吸引力
compressed,压缩的
1930s,20世纪30年代
purchases,购买
antarctic,南极洲
mathilde,玛蒂尔德
unanswered,未答复的
alot,很多
toothache,牙疼
conjure,变戏法
oscars,奥斯卡奖
projections,预测
unclean,不洁净的
feces,屎
derived,衍生的
tic,抽动症
hyper,超
expendable,消耗品
hanger,衣架
dink,丁克
wynn,永利
qc,质量控制
botox,肉毒杆菌
little-,小的-
creme,奶油
mandela,曼德拉
riled,激怒了
turnover,周转
stitching,缝合
distressing,令人苦恼的
wobbly,摇摇晃晃的
notjust,不只是
tormenting,折磨人
vindictive,报复性的
glittering,闪闪发光的
centered,居中
starry,繁星点点
chaste,贞洁的
hitter,击球手
anonymity,匿名
dia,直径
abrupt,突然的
exodus,出走
hoe,锄
diplomats,外交官
toxicology,毒理学
resented,怨恨
first-rate,第一流
calder,考尔德
oxen,牛
dossier,卷宗
warm-up,暖身
insubordination,不服从
slammer,猛击者
binary,二进制
volkswagen,大众汽车公司
boulders,巨石
bucharest,布加勒斯特
portia,波西娅
pecker,啄木鸟
i.v.,静脉注射
panty,内裤
vengeful,复仇心强的
brit,英国人
poorest,最穷的
generates,产生
semi,半
wainwright,温赖特
geiger,盖革
filly,母马
unbeatable,无与伦比的
admirers,仰慕者
rina,丽娜
nona,诺娜
subordinate,下属
topper,礼帽
endangering,危害
arches,拱门
bosch,博世
distributing,分发
bonuses,奖金
rapture,狂喜
armchair,扶手椅
splat,啪嗒啪嗒
vicente,维森特
pounce,猛扑
hoodlums,流氓
j.b.,j.b.
co-operate,合作
baltic,波罗的海
promenade,长廊
right-handed,惯用右手的
suitors,追求者
ramiro,拉米罗
mortified,羞愧的
gérard,热拉尔
talon,爪
piazza,广场
prowl,徘徊
sarajevo,萨拉热窝
halley,哈雷
counties,县
zing,津
hasta,哈斯塔
shoelaces,鞋带
1ch00ffffff,1ch00ffffff
all-powerful,全能的
armada,舰队
kits,套件
soto,索托
guacamole,鳄梨
cosette,珂赛特
fiji,斐济
extinguished,熄灭了
trisha,特丽莎
persia,波斯
spills,溢出
critters,小动物
nourishment,营养
three-day,三天
gabriella,加布里埃拉
succumb,屈服
lain,莱恩
relates,涉及
alpine,高山
trashy,垃圾的
evict,驱逐
albino,白化病
flamingo,火烈鸟
housewarming,乔迁之喜
thermos,热水瓶
lupe,卢佩
manifestation,表现
kwang,光
knackered,疲惫不堪的
craze,狂热
shapiro,夏皮罗
ruxin,如心
cross-examine,盘问
johnston,约翰斯顿
licks,舔
orchestrated,精心策划的
hayward,海沃德
lingo,行话
optional,选修的
spouting,喷出
unresolved,未解决的
undetected,未被发现的
inventive,创造性的
succeeding,成功
bitterly,苦涩地
advert,广告
juliana,朱莉安娜
concealing,隐藏
trippin,绊脚石
scenic,风景优美的
dill,莳萝
def,定义
hewitt,休伊特
vagabond,流浪汉
regency,摄政
conroy,康罗伊
lebanese,黎巴嫩人
olson,奥尔森
inherent,固有
reluctantly,勉强
antidepressants,抗抑郁药
ghoul,食尸鬼
intermission,中场休息
disrupting,扰乱
eveything,一切
bile,胆汁
tok,托克
moreau,莫罗
pyo,表
culprits,罪魁祸首
gita,吉塔
robs,抢夺
heartburn,胃灼热
evilly,邪恶地
sasaki,佐佐木
hold-up,耽误
floral,花的
converse,交谈
viki,维基
sickle,镰刀
onset,发作
birthright,与生俱来的权利
lynne,林恩
groping,摸索
maury,莫里
croc,鳄鱼
zhi,至
godless,无神论者
minx,敏克斯
kazakhstan,哈萨克斯坦
auditioned,试镜的
observers,观察员
admiralty,金钟
specify,指定
line-up,排队
koala,考拉
parchment,羊皮纸
spielberg,斯皮尔伯格
tuba,大号
impacts,影响
rudeness,粗鲁
squatting,蹲着
spanked,打屁股
stabs,刺伤
stepson,继子
kleenex,纸巾
daren,达人
pappu,帕普
libel,诽谤
zeal,热情
birdsong,鸟鸣
embryos,胚胎
chadwick,查德威克
prussia,普鲁士
duffel,粗呢行李箱
flagship,旗舰
towering,参天
workmen,工人
hermione,赫敏
daley,戴利
cheon,千
atwood,阿特伍德
craigslist,克雷格列表
eyeing,盯视
h-he,呵呵
exited,退出
entangled,纠缠
moshe,摩西
gash,伤口
bastille,巴士底狱
beavers,海狸
gymnasium,健身房
vigilance,警觉
astro,阿斯特罗
massively,大规模地
sic,原文如此
renal,肾的
linc,林肯
rune,符文
cassio,卡西欧
aram,阿拉姆
chowder,杂烩汤
jerked,猛地
lestrade,雷斯垂德
kanye,坎耶
bundles,捆绑
laceration,撕裂伤
hoshi,星
cited,引用
wal-mart,沃尔玛
gramophone,留声机
kellogg,凯洛格
troublemakers,麻烦制造者
skimming,略读
sander,砂光机
saddled,背负着
industrialist,实业家
gaelic,盖尔语的
freshwater,淡水
gangway,舷梯
heartbeats,心跳
conflicting,矛盾的
truckers,卡车司机
carmel,卡梅尔
composing,构成
neurosurgeon,神经外科医生
operas,歌剧
toddy,托迪
procure,采购
cellphones,手机
faa,联邦航空局
escalating,不断升级
hpd,马力
prism,棱镜
maxed,最大
b.s.,废话。
juniper,杜松子
pegs,钉子
methadone,美沙酮
jud,贾德
minna,明娜
hammerhead,锤头鲨
monstrosity,怪物
red-hot,炽热
doable,可行的
siegel,西格尔
expedite,加快
hallmark,标志
correcting,纠正
vaudeville,歌舞杂耍
daresay,敢说
cubby,小房间
indonesian,印度尼西亚
appetites,食欲
advisory,咨询
perfumes,香水
ola,奥拉
shelling,炮击
punctuality,准时
fashions,时装
gunfight,枪战
ressler,雷斯勒
deviant,异常
viii,八
necklaces,项链
klutz,克鲁兹
outlawed,被取缔的
marwan,马尔万
atropine,阿托品
compress,压缩
tip-off,通风报信
brawn,膂力
putt,推杆
brainwashing,洗脑
gui,桂
law-abiding,守法
runaways,逃亡者
craters,陨石坑
corresponds,对应
highs,高潮
so.,所以。
bajor,贝久
faust,浮士德
passover,逾越节
nativity,诞生
cai,蔡
woolly,毛茸茸的
clitoris,阴蒂
verification,确认
brainstorm,头脑风暴
watchful,警惕的
pyre,柴堆
we`ll,我们会
sd-6,SD-6
lien,留置权
molester,猥亵者
counters,柜台
haw,山楂树
pokemon,口袋妖怪
outsmart,智取
bilfran,比尔弗兰
mortgaged,抵押的
teyla,泰拉
tarnished,失去光泽的
ancestry,祖先
conspirators,阴谋家
tamper,篡改
clemency,宽大处理
sinai,西奈半岛
portals,门户网站
custodian,保管人
matisse,马蒂斯
adalind,阿达林德
man-to-man,人对人
dobson,多布森
sarcastically,讽刺地
miyamoto,宫本
tweeted,发推文
dorky,愚蠢的
dominoes,骨牌
trini,特里尼
ovens,烤箱
candidacy,候选资格
gangrene,坏疽
nines,九个
sweeper,扫地机
shrill,尖锐
contagion,传染
la-la-la,啦啦啦
commonplace,平凡
ranjit,兰吉特
academics,学者
constabulary,警察
yasmin,亚斯明
dogg,狗狗
needlessly,不必要地
aramis,阿拉米斯
godson,龙芯
trois,三人行
reprieve,缓刑
skylight,天空之光
sg-1,SG-1
graff,格拉夫
satomi,里见
paella,西班牙海鲜饭
insightful,有洞察力的
pt,点
bryn,布林
darnley,达恩利
lawton,劳顿
toru,彻
proudest,最自豪的
blinked,眨眼
uniting,团结
babette,巴贝特
exceeds,超过
henchman,追随者
givens,吉文斯
dupree,杜普雷
finite,有限
kiyoshi,清
marys,玛丽斯
korra,科拉
monogamous,一夫一妻制
lull,麻痹
remnant,剩
coasters,杯垫
astor,阿斯特
johansson,约翰逊
tranquilizers,镇定剂
extort,勒索
pate,头部
hipster,潮人
two-time,两次
identifies,识别
gook,古克
anklet,脚链
sass,萨斯
first-time,第一次
i.t.,它。
sia,西亚
eights,八人制
carnations,康乃馨
mediocrity,平庸
nog,木栓
yukon,育空地区
striptease,脱衣舞
parma,帕尔马
barracuda,梭鱼
stupendous,惊人的
whereby,由此
amuses,逗乐
shih,施
noi,诺伊
wynonna,威诺纳
grog,烈酒
purged,清除的
yourfather,你的父亲
iceman,冰人
disconnects,断开连接
gr,格
warring,交战
nadya,纳迪亚
sawmill,锯木厂
konrad,康拉德
marshes,沼泽地
tots,小孩
our,我们的
aquatic,水
mariachi,流浪乐队
picturesque,如画
opted,选择了
loafer,浪子
preserves,果酱
satya,萨蒂亚
vaccinated,已接种疫苗
gennaro,根纳罗
confound,混淆
blindsided,措手不及
julián,朱利安
balances,余额
crayon,蜡笔
dwells,居住
superstars,超级巨星
doolittle,杜利特尔
lovey,爱你
overpriced,价格过高
spartans,斯巴达人
enslave,奴役
paraguay,巴拉圭
defiled,被玷污的
cascade,级联
pelham,佩勒姆
wetting,润湿
confounded,困惑的
subconsciously,潜意识里
rakesh,拉凯什
kinney,金尼
consenting,同意
repugnant,令人厌恶的
prepaid,预付费
tilted,斜
morph,变形
batmobile,蝙蝠车
ariadne,阿里亚德涅
ultron,奥创
bequeath,遗赠
halted,停止了
ascending,上升
gpa,平均绩点
epitome,缩影
moonlit,月光下
precedence,优先级
ulrik,乌尔里克
arduous,艰巨
psychoanalysis,精神分析
inexpensive,便宜的
photogenic,上镜的
knope,诺普
misinterpreted,被误解
res,资源
impersonal,客观的
biceps,二头肌
been-,到过-
cokes,可乐
beowulf,贝奥武甫
nissan,日产
biryani,布瑞雅尼
judiciary,司法
sideburns,鬓角
vagrant,流浪汉
springing,弹跳
stepmom,继母
plantations,种植园
mauled,被殴打的
bountiful,丰富
undue,不当的
squirming,蠕蠕
stewed,炖
originality,独创性
ashram,静修处
wristwatch,手表
oncologist,肿瘤学家
focal,焦点
arrhythmia,心律失常
pondering,沉思
beech,山毛榉
impossibility,不可能
incompatible,不相容
aravind,阿拉温德
journeyed,旅行过的
falsified,伪造的
pierson,皮尔森
gliding,滑翔
lachlan,拉克兰
translations,翻译
grope,摸索
grandmothers,祖母们
rubbers,橡胶
wimbledon,温布尔登
lucked,幸运的
dio,迪奥
miro,米罗
unc,北卡罗来纳大学
frantically,疯狂地
eastman,伊士曼
focuses,焦点
chasm,鸿沟
cold-hearted,冷酷无情
shoreline,海岸线
gazed,凝视着
macgregor,麦克格雷戈
odysseus,奥德修斯
stalemate,僵局
ballsy,大胆的
trainees,实习生
spiritus,醑
balzac,巴尔扎克
inquired,询问
serb,塞尔维亚人
landers,兰德斯
persecute,迫害
sο,所以
deok,德奥克
pigtails,辫子
apocalyptic,世界末日的
badgering,纠缠
blabbing,喋喋不休
domenico,多梅尼科
actin,肌动蛋白
torben,托尔本
moulin,磨坊
terrestrial,陆地的
bannon,班农
even-,甚至-
trickling,滴流
kamen,假面
congenital,先天性的
mikes,麦克斯
alerts,警报
unregistered,未注册的
houlihan,后里罕
muddle,糊涂
footman,男仆
tiwari,蒂瓦里
tripoli,硅藻土
un,联合国
bouts,回合
gannon,甘农
vaporized,汽化的
trigger-happy,好战的
emitting,发射
residing,居住
steroid,类固醇
luk,陆
boogeyman,妖怪
shackled,被束缚的
cocksuckers,混蛋
reasoned,有道理的
tommaso,托马索
commoners,平民
stian,斯蒂安
riddler,谜语者
enhancement,增强
receptors,受体
tadpole,蝌蚪
peacekeeper,和平卫士
yearns,渴望
marburg,马尔堡
granola,格兰诺拉麦片
bahadur,阁下
endorsed,赞同的
cinematographer,电影摄影师
trimester,三个月
unexplored,未探索的
wrappers,包装纸
recruiter,招聘人员
cheerfully,愉快地
uneventful,平安无事的
bookkeeping,簿记
ashe,阿什
dirtier,更脏
mere,仅仅
depositions,证词
swill,泔水
achmed,艾哈迈德
bassam,巴萨姆
reptilian,爬虫类
strewn,散落的
rawlings,罗林斯
medevac,医疗后送
razors,剃须刀
starscream,红蜘蛛
orsini,奥尔西尼
carpe,卡尔佩
handlers,处理程序
splutters,语无伦次
kar,卡尔
pineapples,菠萝
cheri,切里
acclaimed,广受好评
humongous,巨大的
to-to,到到
stifle,窒息
wehrmacht,国防军
underprivileged,弱势群体
kaji,加治
mita,米塔
wily,狡猾的
ivanovna,伊万诺夫娜
anecdote,轶事
overseer,监工
opportunist,机会主义者
kind-hearted,善良
preachers,传教士
spew,喷出
landis,兰迪斯
kinship,亲属关系
redford,雷德福
ramadan,斋月
disarray,混乱
dissuade,劝阻
colord,有色的
texan,得克萨斯州
trapdoor,活板门
abundantly,丰富地
boned,去骨的
h.g.,汞
partnered,合伙的
anemic,贫血的
clarisse,克拉丽丝
frenchie,法国人
cleanest,最干净的
kurdish,库尔德
submitting,提交
bassett,巴塞特
braying,叫声
zips,拉链
xun,埙
barba,巴尔巴
neighborly,睦邻的
winfield,温菲尔德
disconcerting,令人不安的
denominator,分母
solis,索利斯
s.u.v.,s.u.v.
cinder,煤渣
minibar,迷你吧
breastfeeding,哺乳
romancing,浪漫的
goingto,即将
faithless,不忠的
deline,划定线
ueno,上野
aiko,爱子
jumble,混乱
hav,哈夫
jetty,码头
plucky,勇敢的
noblest,最高尚的
wading,涉水
gentler,更温和
sanju,三州
pariah,贱民
bannon,班农
littering,乱扔垃圾
creeped,蠕动的
mook,穆克
hara,原
kringle,克林格尔
tester,测试员
molds,模具
underside,底面
pees,撒尿
degas,脱气
numbness,麻木
lob,高球
seventies,七十年代
canst,可以
elinor,埃莉诺
soulmate,灵魂伴侣
munni,穆尼
unsavory,令人厌恶的
radial,径向
plush,豪华的
macpherson,麦克弗森
evers,埃弗斯
malfunctioned,发生故障
grouch,牢骚
contemptible,可鄙
kathie,凯西
matsuda,松田
shoals,浅滩
kilometre,公里
baudelaire,波德莱尔
concoction,混合物
tylenol,泰诺
magoo,马古
yeogu,汝州
leftist,左派
fermented,发酵的
storehouse,库
ashleigh,阿什利
quimby,金比
natsumi,夏美
oddball,古怪的
dijon,第戎
poppers,波普斯
guadalcanal,瓜达尔卡纳尔岛
certification,认证
halliday,哈利迪
masquerading,伪装
bookshelf,书架
ten-hut,十间小屋
nev,内夫
course.,课程。
scents,气味
mothra,莫斯拉
dake,大可
traverse,遍历
stimulates,刺激
two-and-a-half,两个半
acquisitions,收购
magnanimous,坦荡
aprons,围裙
dickson,迪克森
airwaves,电波
offed,被开除
silks,帛
yearned,渴望
reprimanded,训斥
sais,赛斯
millionth,百万分之一
rowland,罗兰
parameter,范围
confidentially,秘密地
huh-uh,呵呵
thirty-eight,三十八
sleaze,肮脏的
belgians,比利时人
norwood,诺伍德
backups,备份
volley,截击
sidebar,侧边栏
het,赫特
diluted,稀
single-handed,单手
annapolis,安纳波利斯
tama,多摩
fissure,裂缝
capers,刺山柑
brimming,充满
windowsill,窗台
mediate,调解
behest,要求
canaries,金丝雀
tethered,拴着的
j-just,j-只是
lovell,洛弗尔
mariel,马里尔
smokescreen,烟幕
naz,纳兹
kwun,官
malware,恶意软件
kanzaki,神崎
bream,鲂
oomph,魅力
lope,洛普
come-,来-
bade,巴德
paşa,帕夏
biochemical,生化
hotties,辣妹
till,直到
mavericks,小牛队
pageants,选美比赛
tornadoes,龙卷风
rothstein,罗斯坦
compatibility,兼容性
toole,图勒
corinthians,科林斯人
keynote,基调
lyra,天琴座
hysterics,歇斯底里
racquetball,壁球
vicarage,牧师住所
unchecked,未经检查的
eroded,侵蚀
neely,尼利
substation,变电站
brixton,布里克斯顿
weathered,风化的
hydrate,水合物
enact,制定
slouch,伛
smartphone,手机
precautionary,预防性的
franca,弗兰卡
borscht,罗宋汤
seryozha,谢廖扎
knifed,被刀砍
gangnam,江南
linds,林兹
jerzy,泽西
skynet,天网
lmperial,帝国的
nuys,奈斯
editor-in-chief,主编辑
stagnant,停滞的
laundered,洗过的
majesties,陛下
miscalculated,失算的
kn,千
hooter,汽笛
furiously,愤怒地
chand,昌德
frugal,节俭
elia,埃利亚
prospero,普洛斯彼罗
bidet,坐浴盆
psychosomatic,心身的
primrose,报春花
dozing,打瞌睡
phat,柏
quran,古兰经
ano,阿诺
backroom,幕后室
ivana,伊万娜
steeple,尖顶
flirts,调情
diddy,迪迪
filtering,过滤
convergence,收敛
comparatively,比较
payed,已付
noh,能剧
resorted,采取了
underpaid,工资过低
squirting,喷出
irfan,伊凡
satsuma,萨摩
devine,迪瓦恩
saluting,敬礼
downpour,倾盆大雨
distillery,酒厂
portrayal,描绘
printout,打印出
sc,SC
radhika,拉迪卡
tweaking,调整
burials,墓葬
neel,尼尔
astoria,阿斯托利亚
attaching,附着
funny-looking,有趣的样子
hypodermic,皮下注射
subscribers,订户
kuala,瓜拉
akashi,明石
ruth-anne,露丝安妮
coasts,海岸
loc,洛克
ironclad,铁甲的
culver,卡尔弗
deniability,否认性
predominantly,主要是
verdi,威尔第
energize,通电
encampment,扎营
kojima,小岛
norwegians,挪威人
bowery,鲍厄里
terminals,终端
yee-ha,耶哈
harmonic,谐波
tinsel,箔
algernon,阿尔杰农
alphas,阿尔法
unrelenting,不屈不挠的
deciphered,破译的
hoboken,霍博肯
cornea,角膜
d.o.d.,日期
venu,维努
luís,路易斯
qian,钱
abductor,绑架者
pulaski,普拉斯基
belated,迟来的
implementing,实施
profusely,大量地
reformatory,管教所
disqualify,取消资格
buxton,巴克斯顿
broach,拉刀
bobcat,山猫
janitors,看门人
dreyfus,德雷福斯
caucus,党团会议
yellows,黄色
hikers,徒步旅行者
hosanna,和散那
blunt-force,钝力
calliope,卡利奥佩
instituted,设立的
synod,主教会议
eff,有效值
coe,科埃
yukie,由纪惠
postmaster,邮政局长
bosun,水手长
empathize,共情
almanac,年历
alleluia,哈利路亚
gogol,果戈里
akita,秋田
miho,三穗
argos,阿尔戈斯
runaround,跑来跑去
gravedigger,掘墓人
cavemen,穴居人
drummers,鼓手
atv,一台电视
newsome,纽瑟姆
bleh,布莱赫
eally,埃利
eid,开斋节
luthorcorp,卢瑟公司
impede,阻碍
poppies,罂粟花
mundy,芒迪
preside,主持
successive,连续
unfathomable,深不可测的
darl,达尔
bushel,蒲式耳
jean-baptiste,让-巴蒂斯特
winnetou,温内图
depose,免职
latinos,拉丁裔
kiddy,小孩子
nefertiti,纳芙蒂蒂
air-conditioned,有空调的
cooter,库特
cripes,克里普斯
cuz,因为
come.,来。
blocker,阻挡者
tenderloin,里脊肉
amal,阿迈勒
whaddaya,何达亚
sugarcane,甘蔗
thongs,丁字裤
galleys,厨房
tacoma,塔科马
palazzo,宫殿
guruji,古鲁吉
particulates,颗粒物
scipio,西皮奥
harumi,晴美
pillowcase,枕套
stroh,斯特罗
swordsmen,剑客
stragglers,落后者
gdr,民主德国
anesthesiologist,麻醉师
communicates,沟通
netherworld,幽冥界
pore,毛孔
cilantro,香菜
overthink,想多了
gertrud,格特鲁德
mert,梅尔特
theis,泰斯
inserting,插入
safeguards,保障措施
miura,三浦
vehicular,车辆的
lagos,拉各斯
soundproof,隔音
temperate,温带
taeko,妙子
sagging,下垂
pms,经前综合症
eveybody,大家
preyed,被捕食的
commited,致力于
xiong,熊
contradicts,矛盾
hauptmann,豪普特曼
newsman,新闻记者
avinash,阿维纳什
breeches,马裤
aretha,艾瑞莎
bellini,贝利尼
marchand,马尔尚
ici,伊西
mckee,麦基
lilacs,紫丁香
evaded,逃避
fertilize,施肥
atavus,阿塔乌斯
astonishingly,令人惊讶地
brenna,布伦纳
peta,佩塔
kitano,北野
expectant,期待的
igt,免疫组化
mastering,掌握
hallam,哈勒姆
ricans,黎肯人
chihiro,千寻
psychoanalyst,精神分析师
jiu,九
itto,伊藤
rowed,划船的
did.,做过。
whos,谁是
rance,兰斯
senegal,塞内加尔
mosey,漫步
corrie,科里
applicable,适用的
unclaimed,无人认领的
sacking,解雇
heyday,全盛时期
janko,詹科
rectangle,长方形
handprint,手印
long-standing,长期存在的
gael,盖尔
gorgon,戈尔贡
huston,休斯顿
globalization,全球化
yukimura,幸村
agustin,奥古斯丁
swayze,斯威兹
screamin,尖叫
perrier,巴黎水
tthe,那个
groped,摸索
fledgling,雏鸟
proportional,成比例的
piedmont,皮埃蒙特
kuroda,黑田
harkonnen,哈科宁
pharma,制药公司
yutaka,丰
millimetre,毫米
replicated,复制的
moxie,莫西
out,出去
divvy,迪维
bailout,救助
affidavits,宣誓书
ackroyd,阿克罗伊德
waterways,水路
embalmed,防腐的
constructions,构造
aaahh,啊啊啊
walther,瓦尔特
fantasia,幻想曲
ha,哈
home-,家-
glacial,冰川的
bekir,贝基尔
subpoenas,传票
paan,帕安
insinuations,影射
tomo,托莫
ook,奥克
claes,克拉斯
glint,闪烁
aloe,芦荟
ewa,埃瓦
troma,特罗马
bara,巴拉
apricots,杏子
sugarcoat,糖衣
nyborg,尼堡
laude,劳德
riza,里扎
harwood,哈伍德
delicatessen,熟食
beemer,比默
peso,比索
gassy,有气的
phobias,恐惧症
bailiffs,法警
starburst,星爆
rittenhouse,里滕豪斯
cataclysm,灾难
trumped,胜过
teardrop,泪珠
undamaged,未损坏的
boulogne,布洛涅
headdress,头饰
suitably,适当地
comforter,棉被
delinquency,违法行为
raine,雷恩
gο,去
mito,水户
hyuga,日向
ovarian,卵巢
blackberries,黑莓
maigret,梅格雷特
well-educated,受过良好教育的
diss,指责
accuser,原告
lopsided,片面
stocky,敦实
tsang,曾
loafing,游手好闲
one-hour,一小时
cucaracha,蟑螂
intubated,插管的
garfunkel,加芬克尔
bambino,巴比诺
omit,忽略
eurgh,厄格
vik,维克
magnifique,壮丽的
cybernetic,控制论的
placate,安抚
gullet,食道
greenhorn,新手
overestimated,高估了
zackary,扎卡里
bansi,半寺
well-liked,很受欢迎
fruition,成果
fueling,加油
10:00 AM,10:00 AM
keno,基诺
haveto,必须
hungrier,饥饿的
academia,学术界
maciste,马西斯特
y-,y-
pidge,皮吉
sept,九月
zenigata,钱形
shii,什伊
syntax,句法
round-the-clock,全天候
tsu,津
bateman,贝特曼
sunnydale,桑尼代尔
misheard,听错了
auguste,奥古斯特
jeffery,杰弗里
blundering,犯错误
wielded,挥舞着
guangdong,粤
turmeric,姜黄
savin,萨文
prospecting,勘探
blips,光点
rhoades,罗兹
seventy-two,七十二
cava,静脉
giancarlo,吉安卡洛
herein,在此处
gargling,漱口
unleashing,释放
disavow,否认
carpal,腕骨
lurid,耸人听闻的
telecommunications,电信
razor-sharp,锋利的
kishen,基申
cranny,裂缝
case-,案件-
studded,镶嵌的
southside,南边
jigger,吉格尔
tonight-,今晚-
daya,大雅
gq,格克
palais,宫殿
feeney,费尼
coolie,苦力
ccs,CCS
s.a.t.,卫星
tendulkar,滕杜卡尔
dissociative,解离的
prancer,腾跃者
derives,派生出
programmers,程序员
alphabetically,按字母顺序
sexton,塞克斯顿
eighty-five,八十五
flicka,弗利卡
swimsuits,泳衣
retractor,牵开器
kya,基亚
sleepwalker,梦游者
nono,不，不
bugatti,布加迪
ministerial,部长级的
28-year-old,28岁
vitro,体外
tomans,托曼斯
farnum,法纳姆
komodo,科莫多岛
meetin,见面
kar,卡尔
varga,瓦尔加
totalitarian,极权主义
swarmed,蜂拥而至
gott,戈特
kearns,卡恩斯
chui,垂
pyrenees,比利牛斯山
foretell,预言
impurities,杂质
crossroad,十字路口
serling,塞林
rothman,罗斯曼
saladin,萨拉丁
mediums,媒介
railings,栏杆
griselda,格里塞尔达
kiyomi,清美
balan,巴兰
wich,维奇
goanna,戈安娜
ensuing,随后的
potsdam,波茨坦
federales,联邦
principled,有原则的
gromit,格罗米特
aromatic,芳香
amélie,阿梅利
hesitates,犹豫
weirded,奇怪的
more,更多的
malle,马勒
keri,克里
mucky,肮脏的
men-,男人-
massaged,按摩的
gaffney,加夫尼
strindberg,斯特林堡
better-,更好的-
collette,科莱特
croix,克罗伊岛
hughie,休吉
shaven,刮胡子
chianti,基安蒂
whiteside,怀特塞德
rowdies,流氓
ray-ray,射线射线
ibis,宜必思酒店
soong,宋
crackin,裂纹
ivanova,伊万诺瓦
thorax,胸部
opiate,阿片剂
authoritarian,专制的
shoves,推挤
hammersmith,锤匠
alyson,艾莉森
guerre,战争
spreadsheet,电子表格
harvests,收获
pippo,皮波
prophesy,预言
meaden,米登
misinformation,误传
benefactors,恩人
brigands,强盗
surrogacy,代孕
bandwagon,跟风
hays,海斯
dumbbell,哑铃
fabri,法布里
tantric,密宗
foreclose,取消赎回权
vato,瓦托
reproducing,繁殖
frame-up,陷害
pascual,帕斯夸尔
valerio,瓦莱里奥
hairdressing,理发
akagi,赤城
sickened,恶心的
playgrounds,游乐场
nodos,结节
jacquie,杰奎
wainthropp,温斯罗普
mulatto,黑白混血儿
son-,儿子-
cuttin,切丁
dissing,鄙视
fructose,果糖
hsi-men,西门
netting,结网
spool,线轴
crewe,克鲁韦
finery,服饰
inedible,不可食用的
l.a,洛杉矶
gratefully,感激地
weaves,编织
co-ordinates,坐标
skinning,剥皮
serendipity,偶然性
millennial,千禧一代
flit,掠过
dilapidated,破旧的
kleiss,克莱斯
lasses,姑娘们
remorseful,悔恨的
blinker,信号灯
erol,埃罗尔
scimitar,弯刀
us.,我们。
ogawa,小川
walkie-talkies,对讲机
gekko,壁虎
lullabies,摇篮曲
distorting,扭曲
valmont,瓦尔蒙特
faring,费林
astonish,震惊
chapera,查佩拉
trotters,猪蹄
pried,撬开
schoolboys,男生
shirl,夏尔
οne,一个
unconscionable,不合情理的
manni,曼尼
credo,信条
gluing,胶合
nella,内拉
niecy,尼希
shanaya,沙纳亚
ecclesiastical,教会的
cravat,领结
ita,伊塔
hatton,哈顿
steppes,草原
well-fed,喂养得很好
sprinkling,洒水
bernardino,贝尔纳迪诺
tungsten,钨
reversible,可逆的
jeppe,杰佩
shirk,推脱
enormity,巨大
paley,佩利
teases,戏弄
technicalities,技术细节
chapo,矮子
beset,困扰
huntin,亨廷
mich,密歇根州
overloading,超载
shakespearean,莎士比亚的
disengaged,脱离的
devore,吞噬
banquets,宴会
laxatives,泻药
high-stakes,高风险
mukherjee,慕克吉
murder-suicide,谋杀-自杀
sudoku,数独
empathetic,有同理心的
phallic,阳具的
undergrowth,灌木丛
lhasa,拉萨
one-handed,一只手
eisenstein,爱森斯坦
valens,瓦伦斯
penmanship,书法
berets,贝雷帽
far-reaching,深远
denouncing,谴责
seraphim,六翼天使
achoo,阿乔
orator,演说者
nello,尼洛
exxon,埃克森公司
belles,美女
kirov,基洛夫
mannu,曼努
three-and-a-half,三点半
vanni,瓦尼
estás,埃斯塔斯
ethnicity,种族
psh,普什
goings-on,正在发生的事情
reloading,重新加载
adhd,多动症
encircled,包围
prosecutions,起诉
hammersley,哈姆斯利
molars,臼齿
odors,气味
troth,真理
xenon,氙
narrated,叙述的
albion,阿尔比恩
rutland,拉特兰
akechi,明智
markos,马科斯
rewire,重新布线
neve,内夫
aardvark,土豚
bonasera,博纳塞拉
boorish,粗野
yang-soon,阳顺
ramming,捣打
athelstan,阿塞尔斯坦
kon,康
ystad,于斯塔德
in-charge,负责
cait,凯特
pitts,皮茨
nosh,开胃菜
retracted,撤回
sawako,泽和子
take,拿
out-of-control,失控
objectionable,令人反感的
ice-skating,溜冰
simian,猿猴
kiko,基科
injector,注射器
mifune,三船
extinguishers,灭火器
snowboard,滑雪板
dongs,洞
grimace,鬼脸
immobilized,固定不动
arkwright,阿克赖特
koda,科达
nozomi,希望
appellate,上诉
parthenon,帕台农神庙
full-size,全尺寸
multimillionaire,多百万富翁
wolverines,狼獾
contreras,康特拉斯
motocross,越野摩托车
mancha,曼恰
pathogens,病原体
equitable,公平
favoritism,偏爱
monogram,字母组合
gilman,吉尔曼
allenby,艾伦比
whatevs,什么
rock-solid,坚如磐石
sbk,SBK
koshien,甲子园
bagman,推销员
skidding,集材
revolvers,左轮手枪
bossa,博萨
krüger,克鲁格
vanquishing,征服
glowed,发光的
legrand,罗格朗
urinals,小便池
astound,震惊
leer,斜视
sewell,休厄尔
bad-looking,不好看
transceiver,收发器
mailboxes,邮箱
kaveri,卡韦里
nakano,中野
lovecraft,洛夫克拉夫特
extremism,极端主义
pornos,色情片
doodling,涂鸦
shreveport,什里夫波特
macro,宏
relegated,降级
first,第一的
affiliations,隶属关系
teleprompter,提词器
humanoids,类人生物
respectively,分别
hiker,徒步旅行者
yggdrasil,伊格德拉西尔
milieu,环境
non-violence,非暴力
canny,精明的
pantsuit,裤装
ex-lover,前情人
preoccupation,全神贯注
aeronautics,航空学
linguist,语言学家
weaponized,武器化
sprinting,短跑
once-over,过一遍
life-size,真人大小
mujahideen,圣战者
indentation,缩进
gama,伽马
halen,海伦
carajo,卡拉霍
real-world,真实世界
dunning,催款
heya,嘿呀
mystics,神秘主义者
ernestine,欧内斯廷
edmonds,埃德蒙兹
walla,瓦拉
runways,跑道
rs.1,RS.1
king-size,特大号
clarion,号角
xiangyang,襄阳
gaviria,加维里亚
moldova,摩尔多瓦
ces,塞斯
pisser,小便
hamill,哈米尔
someting,某某
ghul,古尔
sukekiyo,助清
badness,坏事
stilettos,高跟鞋
apnea,呼吸暂停
wahey,瓦伊
disraeli,迪斯雷利
inversion,反转
hershel,赫谢尔
harnesses,安全带
fandango,凡丹戈
k2,k2
enforcers,执行者
kusum,库苏姆
ricin,蓖麻毒素
blankie,毯子
practitioners,从业者
kyo,京
lionesses,母狮
marcelino,马塞利诺
done-,完毕-
torturous,折磨人的
well-rounded,全面发展
mitchie,米奇
physio,理疗师
vamonos,瓦莫诺斯
emmys,艾美奖
heckle,质问
fervently,热切地
honouring,荣誉
woolsey,伍尔西
lata,拉塔
traynor,特雷诺
structurally,结构上
maharashtra,马哈拉施特拉邦
toei,东映
sorry,对不起
davison,戴维森
bau,巴乌
mcclintock,麦克林托克
berlusconi,贝卢斯科尼
hotspot,热点
frustrate,阻挠
sprinter,短跑运动员
story-,故事-
scala,斯卡拉
aesthetically,审美地
dirtied,弄脏了
nears,接近
ericsson,爱立信
headlock,头锁
favela,贫民窟
tol,托尔
walid,瓦利德
gbs,国标
lk,路克
quanzhen,全真
pecked,啄
resection,切除
pitch-black,漆黑的
boomhauer,布布豪尔
tts,语音合成
boers,布尔人
sitcoms,情景喜剧
datak,数据集
spritzer,喷雾器
john-john,约翰-约翰
teary,热泪盈眶
inundated,被淹没
taxidermist,动物标本剥制师
two-step,两步
she-hulk,女绿巨人
varicose,静脉曲张
kimo,基莫
joshy,乔希
stretchers,担架
octagon,八边形
peder,佩德
koba,科巴
indomitable,不屈不挠
nonce,随机数
clerics,神职人员
padawan,学徒
llamas,美洲驼
cept,概念
pentothal,喷托沙尔
slaver,奴隶贩子
hurries,赶紧
ruble,卢布
lubbock,拉伯克
appalachian,阿巴拉契亚
gregoire,格雷瓜尔
secreted,分泌的
canasta,卡纳斯塔
peonies,牡丹
damocles,达摩克利斯
arbitrarily,任意地
bespoke,定制的
prabhakar,普拉巴卡尔
ntac,NTAC
rivet,铆钉
dragoons,龙骑兵
min-jae,民载
satanists,撒旦主义者
disinherited,被剥夺继承权
cortés,科尔特斯
heisman,海斯曼
counterpoint,对位法
tums,塔姆斯
outa,欧塔
necromancer,死灵法师
redman,红衣男子
promicin,普罗米星
stockpiling,囤积
futari,二人
permian,二叠纪
pugh,皮尤
shaded,阴影
benefiting,受益
galia,加利亚
peal,钟声
iwas,我曾是
immortalized,永垂不朽
sweepers,扫地机
evaporation,蒸发
sidharth,悉达斯
caboodle,堆砌
yelena,叶莲娜
headlining,头条新闻
prodded,刺激的
exerted,竭尽全力
sheela,希拉
underhand,下手
berthe,泊位
manifesting,显化
lucienne,卢西安
cataract,白内障
ah-ha-ha,啊哈哈哈
baying,吠叫
hooliganism,流氓
wiseass,聪明人
colonic,结肠的
sharman,沙曼
wisecracks,俏皮话
preclude,排除
menelaus,墨涅拉俄斯
transcontinental,横贯大陆的
exclusivity,排他性
zorba,佐尔巴
sa,萨
lucilla,卢西拉
vigata,维加塔
haj,朝觐
hepatic,肝的
tobruk,托布鲁克
magister,魔导师
homegirl,居家女孩
tanikaze,谷风
diminishes,减少
pagina,帕吉纳
petrovic,彼得罗维奇
year-,年-
raro,拉罗
kneels,跪下
rane,拉内
gravitation,引力
dalliance,调戏
inhibitors,抑制剂
eisuke,荣介
rosalita,罗莎丽塔
vehemently,激烈地
basher,巴舍尔
conveys,传达
jeane,珍妮
hawes,霍伊斯
spacey,史派西
i--i--i,我--我--我
pelicans,鹈鹕
imperialists,帝国主义者
fede,联邦
volta,沃尔塔
collectibles,收藏品
ninety-eight,九十八
haeshin,解信
preservatives,防腐剂
interminable,没完没了的
liberalism,自由主义
uninspired,缺乏灵感
lockjaw,牙关紧闭
gladness,欢乐
fandor,范多尔
disenfranchised,被剥夺公民权
solidified,凝固的
pseudo,伪
n-,n-
compilation,汇编
braved,勇敢地
well-paid,高薪
honeycutt,霍尼卡特
look-out,小心
grecian,希腊语
typhoons,台风
canoeing,划独木舟
titti,蒂蒂
tailpipe,排气管
righ,对
double-time,双倍时间
58th,58号
whatchamacallit,什么查马卡利特
panhandle,狭长地带
batons,警棍
birdcage,鸟笼
referees,裁判员
shout-out,喊出来
rescuer,救援者
papá,爸爸
inoculated,接种过的
selene,硒
reheat,再加热
granary,粮仓
muk,穆克
botulism,肉毒中毒
thurber,瑟伯
descriptive,描述性的
meldrum,混乱
refilled,重新装满
antares,安塔雷斯
quinton,昆顿
illusionist,魔术师
manoel,马诺埃尔
gcpd,GCPD
malo,马洛
chatswin,查茨温
maligned,被诽谤的
pedes,足部
expertly,熟练地
stax,斯塔克斯
wishy-washy,犹豫不决
spritz,喷洒
darpa,美国国防部高级研究计划局
reynold,雷诺
unblemished,无瑕疵的
calculates,计算
tullius,图留斯
emojis,表情符号
zuri,祖里
affiliates,附属机构
murillo,穆里略
pitstop,进站
vicap,维卡普
masayuki,雅之
cattleman,牧牛人
glastonbury,格拉斯顿伯里
dingus,丁格斯
shawshank,肖申克
c-dub,配音
capita,资本
cruisin,巡航
seahorse,海马
cylindrical,圆柱形
sikhs,锡克教徒
agrarian,农业的
beav,贝夫
comptroller,主计长
cept,概念
gonads,性腺
aqualad,水上运动
hikes,远足
youjust,你刚才
yeehaw,耶哈
myriam,米里亚姆
happ,快乐
time-sensitive,对时间敏感的
kaley,凯利
froning,弗罗宁
edwardian,爱德华时代的
forefinger,食指
kinko,金考
dunhill,登喜路
glob,全局
gotto,必须
manassas,马纳萨斯
shinpei,新平
darwinian,达尔文主义
wegener,韦格纳
irregularity,不规则性
downturn,低迷
blockheads,笨蛋
distinguishes,区分
purist,纯粹主义者
catapults,弹射器
living-room,客厅
majorly,主要是
outlining,提纲
facials,面部护理
five-mile,五英里
skivvies,斯基维耶斯
delle,德尔
reeked,恶臭的
prospectors,探矿者
ridiculing,嘲笑
yo-ho,哟呵
imprints,印记
yeshiva,犹太学院
bludgeon,棍棒
btw,顺便提一句
raga,拉加
white-haired,白发的
chale,查莱
massager,按摩器
veena,维纳
play-acting,演戏
modi,莫迪
44th,44日
dibble,点滴
alsatian,阿尔萨斯
facetime,视频对话
revelry,狂欢
emergent,涌现的
rathod,拉托德
fixer-upper,上固定器
oozes,渗出
youngpo,永浦
wristbands,腕带
sherm,舍姆
sugu,苏古
muskrat,麝香鼠
away.,离开。
rino,里诺
twiddle,摆弄
lohengrin,洛恩格林
aba,阿坝
harps,竖琴
applegate,阿普盖特
kardashians,卡戴珊姐妹
anny,安妮
alley-oop,空中接力
transcendence,超越
sous-chef,副主厨
shropshire,什罗普郡
n-word,n 个字
wu-tang,武堂
freighters,货轮
jammy,杰米
annexed,附件
sharat,沙拉特
pyrotechnics,烟火
behaviours,行为
bolingbroke,博林布鲁克
peaking,峰值
hydroponic,水培法
didnae,迪达埃
ngai,恩盖
instrumentation,仪器仪表
0th,0号
mervyn,默文
roofied,有屋顶的
dredged,疏浚的
and.,和。
pilaf,抓饭
spore,孢子
yuta,裕太
lippy,利比
work.,工作。
ilaria,伊拉里亚
wog,沃格
benvolio,本伏利奥
b-,b-
bungling,笨拙的
raindrop,雨滴
categorize,分类
depots,仓库
morin,桑色素
lesbos,莱斯沃斯岛
torquay,托基
charo,查罗
dmz,DMZ
gdp,国内生产总值
unknowable,不可知的
arvo,阿尔沃
napoleonic,拿破仑的
kalyan,卡延
capitán,船长
open-ended,开放式的
frocks,连衣裙
witching,巫术
fosse,福斯
pease,豌豆
zoloft,左洛复
frits,油炸块
prager,普拉格
faggy,基佬
computation,计算
tobacconist,烟草商
comprise,包括
erode,侵蚀
dour,阴沉的
torching,火炬
skeffington,斯凯芬顿
fukuda,福田
interred,埋葬
compressing,压缩
monopolize,独占
were,是
hornstock,霍恩斯托克
cluny,克鲁尼
impurity,不纯
bassoon,巴松管
reimbursement,报销
fissures,裂缝
regenerative,再生的
earlobe,耳垂
rear-ended,后方结束
ifield,伊菲尔德
syed,赛义德
sprechen,斯普雷兴
wiretapping,窃听
campari,金巴利
tropicana,热带康纳
aihara,相原
cpt,cpt
amun,阿蒙
geir,盖尔
bassist,贝斯手
wrangling,争论
shit.,拉屎。
edits,编辑
unappealing,没有吸引力的
etty,埃蒂
hostels,旅馆
domains,域
ahana,阿哈纳
usagi,乌萨吉
iwaki,磐城
rodders,罗德斯
reacher,到达者
congeniality,意气相投
readjust,重新调整
koothrappali,库斯拉帕利
capsize,倾覆
ieds,简易爆炸装置
deplore,痛惜
dono,多诺
enslavement,奴役
clenching,咬紧牙关
jaridians,贾里迪安
izmir,伊兹密尔
samovar,茶炊
naonka,纳翁卡
jinlun,金轮
lineman,架线工
tulle,薄纱
banku,班库
vivan,维万
time-share,分时度假
appropriation,拨款
tiago,蒂亚戈
rigidity,刚性
afteryou,您先请
macfarlane,麦克法兰
lulled,平静的
hooke,胡克
fritzi,弗里齐
sammie,萨米
pupkin,南瓜
symphonies,交响乐
convicting,定罪
elevating,提升
layaway,分期付款
yourfriend,你的朋友
savoury,咸味的
implicates,暗示
emanuelle,埃马纽埃尔
mathai,马泰
savio,萨维奥
ayhan,艾汉
giblets,内脏
vanities,虚荣心
calamities,灾难
hino,日野
kronk,克朗克
gorski,戈尔斯基
make-,制作-
zucker,祖克
chopstick,筷子
rearden,雷尔登
lenora,莱诺拉
resynced,重新同步
aver,断言
reintroduce,重新介绍
greggs,格雷格斯
servalan,塞瓦兰
grisham,格里沙姆
ruzek,鲁泽克
ravenna,拉维纳
rutabaga,芜菁甘蓝
misconceptions,误解
lemel,莱梅尔
donati,多纳蒂
brasília,巴西利亚
airbender,气宗
hesselboe,赫塞尔博伊
boozy,醉酒的
annexation,兼并
swindon,斯温顿
edelstein,埃德尔斯坦
remedied,补救的
broadside,舷侧
dustpan,簸箕
lock-down,封锁
peered,凝视
yasin,亚辛
loosed,释放了
carburettor,化油器
might-,可能-
normandie,诺曼底
masai,马赛人
weightlessness,失重
nakai,中井
alai,阿莱
unzipped,解压的
turbot,大菱鲆
buchenwald,布痕瓦尔德集中营
starsk,斯塔斯克
mind-control,精神控制
adopts,采用
karat,克拉
amundsen,阿蒙森
bresson,布列松
bodnar,博德纳尔
interpreters,口译员
laminate,层压板
stabbings,刺伤
tweaker,调整者
touchstone,试金石
unpredictability,不可预测性
secrete,分泌
menstruating,月经期间
